3.102087350630123197e+00,1.001647336416198186e+01,1.121233008452177238e+01,5.016446470681194647e+00,3.510437152000088101e+00,2.538091674659732178e+00,5.466595692002410800e+00,7.902290256565790427e-01,8.249311556938412338e+00,4.712738905574866521e+00,1.650395578324374668e+00,9.022504128820065805e-01,4.652340942009819402e-01,1.216061739398770047e+00,2.957075649064887291e+00,6.576337742060795577e+00,4.012169146527144292e+00,3.556982571904446111e+00,1.322386241366407811e+00,1.266720242327674661e+00
4.094028313877160485e-01,1.470055610334989815e+01,4.642842212220818610e+00,5.951488635415560502e+00,1.434651276271130760e+00,2.594808251579045155e+00,8.920776891155117461e-02,8.971405578515737611e-01,7.589018517762450067e+00,1.645325210282909678e+00,8.343419329438439558e-01,3.684266618631233947e-01,8.904823181146599431e-01,2.864377138742352780e-01,5.373778814688462191e+00,3.196989719610316083e+00,1.804019896364048137e+00,1.036610967396634608e+00,2.902511644556751591e+00,9.569997387969252367e-01
1.162918132848140385e+00,6.270745159401749369e+00,1.064553393876325593e+01,3.103140391622629224e+00,2.804226027276881972e+00,2.088126826778605949e+00,2.358554778299830623e+00,1.056276919453108754e+00,7.867420298449678384e+00,2.834147129801191323e+00,1.839359019737744738e+00,2.007434092315754093e-01,4.671305846456897948e-01,1.319616471764454291e-01,2.519311356317381900e+00,4.283827710130269750e+00,2.247360146982598117e+00,1.184787632255433154e+00,5.444157861341072380e-01,1.988556866080339658e+00
2.869817059879417265e+00,7.162849557750318397e+00,1.260879125934791034e+01,2.077006315476558118e+00,4.501032796735668917e+00,1.004660163189385891e+00,7.689723429695021206e-01,8.555082521576549137e-01,4.536414157255915569e+00,4.440703646018821615e+00,3.218488606121155726e+00,3.864645902214633999e-01,7.552462238413943929e-01,1.781555182297069051e-01,1.410776121151400275e+00,3.708047571482393057e+00,1.662230976418388462e+00,1.434835246034628309e+00,1.394115324497354758e+00,4.470133083228886028e-01
2.660854507165286709e+00,8.881749371934333226e+00,1.413405630955782755e+01,2.841762596619699544e+00,3.633468845888966126e+00,2.684562704276079348e+00,5.004060547361138117e-02,2.829590250998259560e+00,4.888502778187756803e+00,4.531920118835309097e+00,3.504039093687488560e+00,3.216035801810396277e-02,2.718321792224282288e-02,1.814201774473284567e+00,1.612225838195468164e+00,2.896457386507425902e+00,1.886082523750767237e+00,5.124368195224415778e-01,8.329198945815776689e-01,8.669631807758363395e-01
1.490963190407097905e+00,8.616139185846765969e+00,4.906901330565646369e+00,3.936624041798450602e+00,9.021664125398634049e-01,1.621409424291239798e+00,8.020353093613280526e-01,2.934167379355197447e+00,4.732182517277585987e+00,1.180679796548215643e+00,2.890810581612123231e-01,1.562500890696671085e+00,9.636980884879229325e-01,1.589649843150202080e-01,2.282912635576344940e+00,5.550511898558969648e+00,2.286369705768963367e+00,3.287263257704323149e-01,8.607096365662522119e-01,1.149565165791024413e+00
7.329800270489833514e-01,2.971117507980715278e+00,9.609661845340969677e+00,1.879994880482693809e+00,2.943577118313602359e+00,2.416302222610012151e+00,1.287078453342170192e+00,2.720445150788886046e+00,4.566700802215745369e+00,2.420533020518359724e+00,2.332501789528931724e+00,9.309595748865818754e-01,1.290563390505200525e+00,4.308439434393228351e-02,7.413005801738907774e-01,6.842642031027608596e+00,3.367089606165774462e+00,9.776590729079102093e-01,2.894060888245897911e-01,3.398884879150341765e-01
1.430091101758150796e+00,5.925158322610095674e+00,9.321357681663963390e+00,2.569531478890330511e+00,1.972514099135843635e+00,2.021630266537458365e+00,4.332784099767629238e-01,2.640338846529139527e+00,2.901046521927251209e+00,1.797586187919700373e+00,1.732454561887471600e+00,7.463129681630294998e-01,5.496971483363012334e-01,2.480612949600723705e-01,1.293946706398755531e+00,2.946806408702110858e+00,1.407758653746971511e+00,4.558314592424896006e+00,1.082948208999350959e+00,6.628753318927368410e-01
2.960484069863619006e+00,7.766253483238334532e+00,1.706116464444419378e+01,4.280534977908001970e+00,4.672755325026114903e+00,3.360070535028771843e+00,2.121414485407731476e+00,9.760437796000165367e-01,7.781254614618434928e+00,4.130192829293800827e+00,3.650410523373808669e+00,1.521698835311831033e+00,4.259393429635319750e-01,1.112574737540665826e+00,2.227740361589031437e+00,7.591278798839029562e+00,4.371071064668579531e+00,7.342219924943155229e-01,8.767203005174849517e-01,2.825393202822748417e+00
2.571695701783392352e+00,4.135817277570996708e+00,1.211882869896276205e+01,2.532890864824855370e+00,4.840053802706888675e+00,6.819356766474475862e-01,4.878939039606639549e-01,7.595343960426796937e-01,5.648563675868340184e+00,3.420053824289713607e+00,3.343651280937567360e+00,5.038748640104305787e-01,1.458918612921194513e-01,1.893850741023197948e+00,9.132203682156847524e-01,3.415721866724752864e+00,1.030081975670444905e+00,2.262626221372474045e-01,5.522499339395425810e-01,6.597946364231829230e-01
2.059202788544527873e+00,7.755168544728553215e+00,8.378568816560411747e+00,4.521258416499649435e+00,2.379410577185532283e+00,4.501510305699213177e+00,8.766147608921309731e-01,1.191448449757617656e+00,4.987197663196318409e+00,3.080132931034951671e+00,2.264651903492307383e+00,6.348453205632289542e-01,4.580418781804224126e-01,1.096219153767445054e+00,2.401285844015553117e+00,4.224002867323610744e+00,2.574707469354418965e+00,3.437362930103208813e-01,5.859050019040408230e-01,1.292582559705170109e+00
1.022565017989367053e+00,5.917816816726862328e+00,4.937889406967359562e+00,1.420486748033594315e+00,1.021339374889898677e+00,1.280753996212505630e+00,7.515601506813746058e-02,2.224597728032161825e+00,2.901025569722144315e+00,1.096784013460580409e+00,8.263732746130227902e-01,8.547396733894880860e-01,2.138242088475534805e-02,5.441109039617101351e-01,5.399176986480141993e-01,2.426661877547849677e+00,7.930468606259397646e-01,8.259402279196466079e-01,4.058981003035139201e-01,5.322585090877983705e-01
1.766299278580904630e+00,1.229526901195747079e+01,7.309047870297741056e+00,2.342844764857910711e+00,1.912556870807597731e+00,2.898634607501844762e+00,1.056819386131397476e+00,8.634117659417943624e-01,4.492097670759303440e+00,3.198859825943603408e+00,1.775196333338296739e+00,1.463479632876773517e-01,1.212334071157863957e-01,1.716968942711354140e+00,2.021029962399066293e-01,5.084627825881439911e+00,3.340678505664785192e+00,8.432034104773523664e-01,1.567151154964637472e-01,1.600789382519921089e+00
9.972380605828538025e-01,6.998269499228905843e+00,9.068684272476755126e+00,2.651116726808369961e+00,3.059028223158126725e+00,2.233396617737466006e+00,4.702855102747148797e-01,1.363002412791639140e+00,2.286165919598970753e+00,2.454172350368883482e+00,2.319236490767393910e+00,3.450627773561992240e-01,1.140734117031803496e+00,4.015871280748390948e-01,1.184079694566104290e+00,1.693722327396996130e+00,1.068096052552116593e+00,6.562630155445059454e-01,6.645465642284801300e-01,4.896835740709221119e-01
1.129751663589326549e+00,3.740196104410172584e+00,5.829381160366054360e+00,2.867637615966398990e+00,4.168388340860235131e-01,7.558131848174266532e-01,2.093661915295295661e-01,4.813152562182588801e-01,2.317936453813229658e+00,1.096400118482971031e+00,4.107769640025510371e-01,1.450635198318080299e+00,4.075232966483710584e-02,2.613709187207702844e-01,4.655446074519069555e-01,4.176562418403583443e+00,7.200049705854747462e-01,1.858404410989541011e+00,2.288253456818207798e-01,4.967303150749403096e-01
2.121306666024766141e+00,8.845505526977634148e+00,1.043549070462158568e+01,4.431099011599740400e+00,3.138941669151595892e+00,2.404658505226559828e-01,1.242984603617090844e+00,1.915297368184742499e+00,4.265113509765068756e+00,3.310994045516184592e+00,1.551195159496653542e+00,1.587444606780092249e+00,3.174823891326760128e-01,1.454411927998436438e+00,2.254183193110107730e+00,2.850165849855026856e+00,1.863884078663929689e+00,7.933491231840217317e-02,2.127895972731283170e+00,2.054090197335844969e-02
1.100159844596073633e+00,6.752290762657503720e+00,7.406513076354998226e+00,3.676363366278144085e+00,1.829873182962675315e+00,2.735213330588317948e+00,4.834814490846078144e-02,1.754792238823623673e+00,6.403935984007304683e+00,2.665061648503987080e+00,1.643647302215654138e+00,7.824807170107659360e-01,1.267277795241949168e+00,2.578453851791513429e-01,2.027270203908645207e+00,2.606636768722170316e+00,1.892727882899053471e+00,8.501895256162832482e-01,7.111390354485488396e-01,4.331648558867167709e-01
1.166842917988033523e+00,7.213961352609365107e+00,8.351194543409999227e+00,4.309659324746156095e+00,3.208459338566973962e+00,1.854856537314198306e+00,2.391089722087231806e+00,3.588996676743114289e+00,3.992644665820605621e+00,1.253408914558586051e+00,7.425527522865127406e-01,2.372727834973789918e+00,2.354147691417579402e+00,2.847703132240458901e-02,1.108180023127291802e+00,5.892929214170613328e+00,2.054857810143976504e+00,3.733072901665357435e-01,9.163408462525033382e-01,1.733797577183196159e+00
1.498662768315921268e+00,6.947907022079617967e+00,1.339615581064566996e+01,3.202877828403861482e+00,5.746812890984250188e+00,2.244795598502731249e+00,2.649896505770935828e+00,1.081391864533912894e+00,5.301936344022001535e+00,4.037958737006039023e+00,3.214163500110600147e+00,3.731914500947985380e-01,2.410708825437674896e-01,3.749909725494410817e-01,1.848425079272468574e+00,4.379384093757424878e+00,2.167860728501924239e+00,4.415309180101814945e+00,1.130994353626832094e+00,1.940515603719235038e+00
3.087008886077565961e+00,1.213726153812947217e+01,1.016599545079348310e+01,5.807571361747214667e+00,3.691348303239336381e+00,2.822649760714592282e-01,1.726488688956838935e+00,2.930267169588819165e+00,3.946798507092476260e+00,3.005044284205885763e+00,2.849955048385925949e+00,4.475354601169499458e-01,2.560397435884253170e+00,2.581330305366513311e+00,2.609146459268081752e+00,2.518757035042185954e+00,1.299564196126699489e+00,1.815631670349866500e-01,2.274720787784742182e+00,2.575087342530973933e-02
5.120476912398009617e+00,7.110398324431892902e+00,2.069257508430107961e+01,4.117430380702103321e+00,7.590353621517611948e+00,3.980080705888479287e+00,5.598961276912899354e-01,3.181739381016164714e+00,7.496191024835101580e+00,5.660435502330827262e+00,5.059475261271139779e+00,1.756412747084755699e+00,1.436262003396443276e+00,4.828786031230549725e+00,1.043581795831924008e+00,8.264118077928532813e+00,4.786403913229873908e+00,1.129195693076734952e-01,8.759401494785798992e-01,3.385024323519953082e+00
4.635389488770099042e+00,8.072656310456959972e+00,1.533476866534868499e+01,5.185835728343459294e+00,5.366121481782609948e+00,9.629793570807572145e-01,1.075427375818178710e+00,4.927632992057056960e+00,4.499387083005616184e+00,3.616816920323190132e+00,3.296066590405954955e+00,2.901438754271773668e+00,4.763349685062665984e+00,1.914134591455789458e+00,2.178307001524109054e+00,1.281642919564513594e+00,9.590803388059482293e-01,6.755172630679111556e-01,2.845628592538463897e-01,1.869579982027650411e-01
1.427776639320512020e+00,4.455416981057223502e+00,6.320576589450023874e+00,2.044509573043603368e+00,1.277149368758221826e+00,1.139916766549513572e+00,2.562759069107904963e-01,3.877031186070726054e+00,1.962819776681071993e+00,1.026463960514155449e+00,5.788539011588237360e-01,4.118695027063922764e-01,3.341815729255677603e+00,5.446189397024854273e-01,5.536358232964659898e-01,1.490975576681264902e+00,7.098999143615500884e-01,1.473615398445699276e-01,1.721513221520296621e-01,6.323546154005181830e-01
3.379500065986654089e+00,6.820969672115888116e+00,1.823984641914915983e+01,4.144398365155188557e+00,5.701448610242208836e+00,1.177419973416168997e+00,9.360796409477484259e-01,2.115024882262578343e-01,3.859637456603901562e+00,6.120151829747026540e+00,4.641034900165010413e+00,5.719021332255946888e-01,1.470464884434026787e-01,3.267748155127813803e+00,1.439842949191997512e+00,2.186107685808986290e+00,1.945631433531524124e+00,5.831837020500794111e-01,1.410303264956905001e-01,1.563419566217036372e-02
4.771415512627750211e+00,4.096385829251594224e+00,1.065886428550637532e+01,2.768739990678710683e+00,3.043048779675079807e+00,2.396484230781053881e+00,3.977367593457569184e-01,1.794139174501245826e+00,5.240332757849408551e+00,3.217342053925383194e+00,2.997353520599774335e+00,1.799143844184477314e-01,1.258341336261430632e+00,2.263860457474445198e+00,4.908288856959285296e-01,6.721418530530666402e+00,3.541837914353013872e+00,2.030552045123262261e-01,3.031803966714561871e-01,2.012882111652978256e+00
1.115541517575386887e+00,6.016039767413534634e+00,1.134882610756451093e+01,3.289972183703743447e+00,4.438199832746226647e+00,1.963541319648953953e+00,7.481413418958930972e-01,2.236758074405593266e+00,5.572392135625941378e+00,2.316500507250398577e+00,1.823507373327353687e+00,2.082889784982397074e+00,6.760378737644739955e-01,1.014334676693431359e+00,1.136413807814309784e+00,2.475500330672125049e+00,1.705495665946173744e+00,5.182584919290685876e-01,2.669967583248739618e-01,1.835080968155982650e-01
2.415310127282377373e+00,4.079735804301063418e+00,5.762928594904076718e+00,1.744885716187038138e+00,2.305595679537081999e+00,1.857699069452667384e+00,1.461051442117528687e+00,1.853624572087720468e+00,3.101015501167808885e+00,1.498645564440412192e+00,1.439232691007064080e+00,9.556690995251101994e-02,3.214007409556166039e-01,9.537951320596118610e-01,1.244419503620538991e+00,3.503928131225905851e+00,1.714326247343156417e+00,1.221863487965445749e+00,8.003896478937245762e-01,9.204316344154588325e-01
2.282886473391337656e+00,4.250912131930280502e+00,1.357000194668048465e+01,3.243781774368001081e+00,3.522362484912044067e+00,2.121144402667126894e+00,1.196573013319974121e+00,3.137001990798160111e+00,4.942830605815421663e+00,2.733230631375198616e+00,2.600550592716714515e+00,1.071543166907298783e+00,3.363255948044933108e-01,1.757904873245432986e+00,5.938241944029930552e-01,8.389101576487048462e+00,3.236350708265918641e+00,2.548838324712723313e+00,2.935935465949144896e-01,1.653012073633127743e+00
3.626199094382852373e+00,2.911715215628487563e+00,8.304203458350249534e+00,2.123288534281097206e+00,2.887142304995686359e+00,2.476325002771385009e+00,2.677704652944238095e+00,3.287213246540866329e+00,1.731979562624681890e+00,2.116322421222628591e+00,2.110950928780258806e+00,1.006093436995816548e+00,1.670645482594218967e+00,8.096816272245888069e-01,7.119714933116306765e-01,1.196513411245892167e+00,6.885396948704227693e-01,1.072535019583468863e+00,3.287745655047568522e-02,1.537898733354106651e-01
4.401191946659155363e-01,5.971109019121872308e+00,1.758500275676848634e+00,1.024694405392222230e+00,6.866075050148829906e-01,2.195260672408387403e+00,1.986580631515993733e+00,2.359713717156362911e+00,3.335265860929335968e+00,6.003837515100318711e-01,2.081231834316168983e-01,1.236486460149407128e-02,8.507347396048641208e-01,1.640575947679531466e-01,7.393799867891357458e-01,4.512478527753958524e+00,2.589199058665728082e+00,5.953822148123460306e-02,6.912540249282143057e-01,8.185603130083671797e-01
4.371879501835428172e+00,5.728329965704951121e+00,9.251546374834576980e+00,4.249610100473805829e+00,2.401408969326821019e+00,1.317333890284042353e+00,7.220241221685947952e-01,2.206304890032827259e+00,4.932845409743604748e+00,3.407665800698262082e+00,2.186838204832154631e+00,1.148338312048740262e+00,1.114811770095502919e+00,1.498840429220683390e+00,8.201549291481511350e-01,9.556044856064545456e+00,3.327726625685733630e+00,1.368393531232450888e+00,2.279805295696985534e-01,5.469106418216711507e-01
2.145458974844674849e+00,3.257678586997487358e+00,7.568928608085426113e+00,2.097814588375475964e+00,2.284590701184758377e+00,3.326853283984778642e+00,8.506685066932934136e-01,6.196982866879213958e+00,4.601342164544711899e+00,2.133735819828117997e+00,1.874104116916842866e+00,8.563416283223146408e-01,2.793113100059442022e+00,1.211896749850330357e+00,2.335798028814874139e-01,6.668008725541682225e+00,3.914799236101991653e+00,1.626740866556717346e-01,6.558872166772481554e-03,2.366998726455164181e+00
2.802762699210863850e+00,8.962960092635650966e+00,1.819045494970867693e+01,5.288243889929994168e+00,6.153105795374984588e+00,1.123464429564440925e+00,2.065144561057304262e+00,1.992287873691524602e+00,5.050944092295387655e+00,4.664402970675728177e+00,4.136930882257401798e+00,2.366068892468103702e+00,8.496873931366323296e-01,2.615037415471581639e+00,1.544808852225602269e+00,5.140175574148056370e+00,2.885277601142275383e+00,2.241924863593098560e-01,1.133700852387727664e+00,9.124581196216527967e-01
2.216991000480752483e+00,3.665725653024657582e+00,8.355511340766526018e+00,2.198117373234409477e+00,1.370804047082458954e+00,2.194258455866747060e+00,9.942816698539796993e-02,1.495481641765985525e+00,3.116328155382137588e+00,1.751759492408593299e+00,1.140244761236822502e+00,7.465643610402772357e-01,7.348070533784245573e-01,1.134345963300512183e+00,7.753650472192505916e-01,2.996701801652315922e+00,2.222757749525809512e+00,5.245953341395807046e-01,6.617476051833383055e-01,2.026464393683332921e-01
3.365364065274060401e+00,1.279495495720789933e+01,1.113502925454865178e+01,7.721181307834974916e+00,2.991599967520294001e+00,4.531633116183425791e+00,2.248384828720262796e+00,3.439028900001556810e+00,5.535883685148113464e+00,1.951459407936500412e+00,9.827115898312348552e-01,3.137936170302582983e+00,1.552586814272868709e+00,6.388546627779937426e-01,3.883249830746823061e+00,2.991169354925347523e+00,1.372673061865788080e+00,6.861463391614149865e-01,7.489729773653642786e-01,1.028992907338925900e+00
2.256897605883305680e+00,5.797392225062109716e+00,1.541202358957476548e+01,3.093141357228889277e+00,3.471318243877983267e+00,1.800187657264947116e+00,2.291190629387366950e+00,1.850870889292297150e+00,3.632339735851040974e+00,5.224714924923615555e+00,2.574555114999035332e+00,3.693304061318106180e-01,6.422183039098486868e-01,2.117342969477344461e+00,2.410185193463494802e+00,1.507832305252589045e+00,4.734945176063499184e-01,1.032707133306907998e+00,1.169507624540873231e-01,1.319372542034965012e-01
3.612197134100272322e-01,9.521154707290071073e+00,1.544323294104962407e+01,4.163703368188285125e+00,6.766703654374985888e+00,2.678171565430726986e+00,1.400865021750668238e-01,3.379385776510401396e+00,8.292706826618458038e+00,4.281108117260482793e+00,3.859897637771047663e+00,4.806103270332446331e-01,5.672966845061019336e-01,1.339801591919214108e-01,3.189364219973019665e+00,3.875221404318279106e+00,2.131524404372858505e+00,2.058072141202740291e+00,1.245676881605160435e+00,8.395160980188147715e-01
3.843333096820085615e+00,1.679226266833326431e+00,1.987332768674504280e+01,8.441672726727214027e-01,4.980034418988946499e+00,3.756257968576963702e+00,1.039892448605187925e+00,2.035852116344671003e+00,8.770464212818803063e+00,8.302549244745051737e+00,4.866568919165954910e+00,1.821054700363107237e-01,1.159513254384194614e+00,3.397471646401815537e+00,4.054255136288126282e-01,6.801286133730950922e+00,5.349056487618637945e+00,2.767791936969227207e-01,1.450619091599553434e-01,1.228935268812163084e+00
2.546916153013928152e+00,8.763978816649119707e+00,9.968202204826752677e+00,3.589124518049337631e+00,5.107916803328688360e+00,6.743822895981128607e-01,1.345444965987207420e+00,1.683338295755971270e+00,3.942054905777031326e+00,1.713061755613110693e+00,1.548928971689611300e+00,1.952109751747485022e-01,3.655867868576358481e-01,1.316419321743141468e+00,3.186272808473001206e+00,7.333784053325087537e-01,6.413340752879326256e-01,1.937011839667661106e-01,1.780346121304769991e+00,5.666569412234345737e-02
2.864633366046133389e+00,9.102763447564205634e+00,1.182288238509210032e+01,4.581404939203185478e+00,1.523852385953623712e+00,3.660198864606155400e+00,5.461181424405296969e-01,3.498664242577040895e+00,5.708250511889106704e+00,5.120817240392417702e+00,1.081304248040858562e+00,1.367832253124356745e+00,6.331184644559727515e-01,1.008145399460156133e+00,2.272845556836987413e+00,3.681492290908263243e+00,1.639686037814814812e+00,5.195969004161479221e-01,7.421452236264899360e-01,3.194198494184979920e-02
4.433458961440300605e+00,1.008196928992705388e+01,8.595695566357683504e+00,5.392779059965499222e+00,2.835208111892435934e+00,7.796617504350558114e+00,8.847122739805517444e-01,1.495568141936485906e+00,7.970156688223069885e+00,3.311839117390477760e+00,7.566402500763826922e-01,1.172390725072227635e+00,1.373402642337331336e+00,6.590376472898470395e-01,3.957561596277006544e+00,9.248114464612834595e+00,3.943108164863452281e+00,1.446821476911057114e-01,7.228291274494267338e-01,3.488543210140734097e+00
2.125222734841274441e+00,4.855478117448873476e+00,1.024451750569327757e+01,2.598198294990942347e+00,2.725514872211570072e+00,1.791373499260391799e+00,2.187112728123824235e-01,2.880542933111899462e+00,5.369073719498552499e+00,3.371669344947080038e+00,2.529220144380945889e+00,1.153035101368694137e+00,4.633130829467568268e-01,1.822298027825059785e+00,1.305606608242722455e+00,3.869182594684481558e+00,2.532388421757769237e+00,1.727423422611946480e+00,9.028220554767653061e-01,4.507355239407260794e-01
3.425032755857205791e-01,1.061787354889634116e+01,6.145078167272922443e+00,4.074909987124701871e+00,2.307240674620245624e+00,2.273884575769200111e+00,1.356031241211349769e+00,1.136703709420963548e+00,7.258352289652524547e+00,1.715608294215053231e+00,7.696786912572456396e-01,4.109437037579886653e-01,5.674309522438386599e-01,2.067330331376924634e-03,3.528089761049081119e+00,6.855061907181674741e+00,2.861767408833427062e+00,1.989924268381097372e+00,1.916026215146211076e+00,2.204519431135664398e+00
2.955789865994622012e+00,4.026160311582908768e+00,1.062749004010478870e+01,1.740088616348691053e+00,3.006973261832854405e+00,3.413097120365000681e+00,1.416752130489015382e+00,3.863203676977152501e+00,4.524416929128247666e+00,2.857159988846180276e+00,1.541000645958589654e+00,9.915346045975372002e-02,3.263846359331100455e+00,1.557347889166634247e-01,1.137924611598021052e+00,1.136489680020280346e+01,3.339757372120491397e+00,2.112589537563842046e-01,5.727467412256488366e-01,3.272719234286951551e+00
2.720018708506641403e+00,9.170310687099052060e+00,1.436783561647111540e+01,4.663861555691991789e+00,4.040818182096448830e+00,1.725938112807513969e+00,2.109353836961495865e-02,1.972705014105939070e-01,5.966521403176187732e+00,4.649637655995946695e+00,2.860653061113025419e+00,2.184551953837126970e+00,1.326452834988378626e-02,2.619896888157702275e+00,2.149635122567811862e+00,4.914432422275047507e+00,1.909306278633333909e+00,1.118412625441929098e+00,1.804917376234940418e+00,1.571810026577416197e+00
4.317328987161966225e+00,3.590905366758016637e+00,2.233574026821444392e+01,2.208248443488109558e+00,7.083578408203909049e+00,2.159097038632437737e+00,4.154768343156606814e-01,1.722418779350806783e+00,7.451603130807842312e-01,8.609218509512722051e+00,4.574643019560880042e+00,1.356039378802742723e+00,4.298392814191432862e-03,3.851190577778178081e+00,1.782094969252346062e-01,1.377192134457512207e+00,4.570081350886470162e-01,2.607978179752168835e+00,5.920672918341646912e-02,2.802493578229424687e-01
8.225959146054155902e-01,6.596093784324921216e+00,9.129307946540885510e+00,3.521199370596770351e+00,1.165666245005136714e+00,9.007892757949655937e-01,7.920699957391165169e-01,2.685648010825055110e+00,3.696554096061134054e+00,5.408571727116139982e+00,9.508972319125228445e-01,1.063988130389966535e+00,8.963461226878572941e-01,6.232945001471490443e-01,1.989958466073448617e+00,6.601682308392379461e+00,4.708769948372144021e-01,6.557552380495681454e-01,7.277410508409225542e-01,3.275170015868425488e-01
3.964076639019768478e-01,6.084476799707069006e+00,6.741823540214197052e+00,3.782378234273580553e+00,5.587140829950544285e-01,2.738346808245860409e+00,4.925574718579079914e-01,9.940475696039390296e-01,4.917610627267915646e+00,2.346575586737019048e+00,3.954427726861322601e-01,1.984202208794495714e+00,5.487291594625438584e-01,1.941344766264036306e-02,1.533643775895889183e+00,4.492649762967034555e+00,2.285449518709740779e+00,1.789894396859167680e-01,2.965166057425405732e-01,1.916755637556368574e+00
1.209945983289829829e+00,2.950147602569954230e+00,7.628887782463666944e+00,1.173336538238026083e+00,1.950027042159095503e+00,9.946919004099538109e-01,1.165121454791606448e+00,7.077146779869247339e+00,2.405291624468452572e+00,3.819220934202211204e+00,1.406175083552140270e+00,2.380756041500812492e-01,4.529352215009664562e+00,6.315899027195036597e-01,4.294512609937197745e-01,2.954709881809278293e+00,1.712921802953672135e+00,2.481813048481442685e+00,1.077827840533563120e-01,3.904577938052596897e-01
2.547519197986688688e+00,4.524848180054606317e+00,9.432302826003335028e+00,1.831853829969813052e+00,2.458972920216269120e+00,3.119323035463762217e+00,1.428569296045188119e+00,9.728359195875215804e-01,4.901244764252207453e+00,3.241524220084423202e+00,1.895087014330627984e+00,7.477191171141176484e-01,1.676696484772509099e-01,1.640291938517907111e+00,1.054935680089632788e+00,4.684934987723237576e+00,2.743323185119216134e+00,4.950947434734699337e-01,3.291956810579083625e-01,1.775173020892955256e+00
1.222482760072216124e+00,5.373010655826553794e+00,8.546851997237647325e+00,2.583676126445625165e+00,2.123257632621982527e+00,3.208625121744985265e+00,3.748275063161183307e-01,1.302586182484873900e+00,4.064485941115862033e+00,1.899372320428482031e+00,1.204541804850197462e+00,1.179664079901152407e+00,1.278011043730674201e+00,3.586232974592515332e-01,6.325750197940491759e-01,5.516152262699677067e+00,2.653355554709759367e+00,2.049895551004731420e+00,1.396653907284143015e-01,2.552629062896368151e+00
1.296399659189144682e-01,1.773648171453128919e+00,7.188333913453059054e+00,6.948376334195690562e-01,3.330246724192023500e+00,3.041280400955821417e+00,2.621259604882432814e+00,1.510992920353285252e+00,8.742510707844580509e+00,1.660044169209548670e+00,1.189115324587920020e+00,2.804568081831235876e-02,5.360421206587964726e-02,7.536639827015373383e-02,3.962272661604761964e-02,8.133775238606290259e+00,4.100694280053956753e+00,5.678043207653913349e-01,3.707288687766913116e-02,3.076556393149307289e-01
1.791602242171454140e+00,5.388691752325692974e+00,9.118524389379905060e+00,2.423311776511855697e+00,1.753756433357641642e+00,3.255901247830476630e-01,1.011424273905565246e-01,2.054872005402021085e+00,5.298928341706758971e+00,2.327256028595056758e+00,1.524343307771065081e+00,9.401030899492350545e-02,7.551292618175128313e-01,1.158702915844146641e+00,9.499121633004181664e-01,2.073438296315148754e+00,6.445936086075145788e-01,7.950524155709787211e-02,8.822669382115707615e-01,1.971865936629765836e-01
3.830241227483207389e+00,4.402476967485735138e+00,1.479212479076397102e+01,3.592935355063057834e+00,4.717480979408129826e+00,4.229647680777177676e+00,1.065541813593021969e-01,2.619829973535058087e+00,3.777601597311993409e+00,3.302777222100838905e+00,2.844749706810908663e+00,2.739805689081134865e+00,2.331419414330698103e+00,3.082486376993293087e-01,4.941471924304777774e-01,6.163354145565605791e+00,2.849630787761532336e+00,1.150753811720273134e+00,7.746223913459639177e-02,2.612001421703091797e+00
6.479621907286222671e-01,7.334004109785619008e+00,1.044098322396684964e+01,3.231782465204318555e+00,1.244250042375358634e+00,2.174643033764707134e+00,1.708284953044364451e+00,3.271562877893813059e+00,3.959004541447876058e+00,6.819359667395460178e+00,1.208886414245222918e+00,1.491324081798175161e-01,2.990002583383676082e+00,1.325119331725533034e-01,2.023222942357723486e+00,2.041157157456307658e+00,1.680957229820703835e+00,6.012706949330185457e-01,6.942042728217415748e-01,2.910829926846290605e-01
5.126411196836103024e+00,1.214999995593273496e+01,1.159485813464048043e+01,6.683053747485649509e+00,5.617525261500089684e+00,1.522527883892954126e+00,1.098185016528149038e+00,1.433160564578932927e+00,7.885646777067607971e+00,2.883237351506555690e+00,2.873722247597947366e+00,9.084606196473593576e-02,1.004544590973245777e+00,2.686916380461861209e+00,4.269816622205386381e+00,3.083568591351991905e+00,1.513299621473073842e+00,1.677975020753872837e+00,6.214322585530875076e-02,1.163999387876555547e+00
7.201043369966605434e-01,4.529867848527663554e+00,6.857371235688376032e+00,2.153602656619277411e+00,1.928618522292259385e+00,4.804161241230796797e+00,7.586946201165174590e-03,3.419245194184666659e+00,8.342281120374511971e+00,3.075591468977552090e+00,9.742247957950949111e-01,6.747380545760972570e-02,1.024257414245390851e+00,1.456643948398116395e-01,5.129650677597282771e-01,9.096842581371486602e+00,4.051447816856223128e+00,2.027099386580127671e+00,3.995379557772626988e-01,3.655216202980901219e+00
3.002550975377211717e+00,5.926802283412960115e+00,1.236998444324496838e+01,2.726978216013289380e+00,3.853679046327332713e+00,7.085025866414709217e-01,2.802333119050254284e-01,4.937244354198432328e-01,3.536095791648169673e+00,4.242519755276862092e+00,3.565362130855428635e+00,4.485504192731192830e-01,3.702166398229058131e-01,2.390685054513912888e+00,1.398759345240276453e+00,2.460204068389374221e+00,1.244769508546685222e+00,1.032277252615618313e+00,8.379778043684340538e-01,6.269196908469608642e-01
2.302713406693606135e+00,1.141879144327475437e+01,8.941035608195853968e+00,4.732020117916658108e+00,1.917044747779716340e+00,1.066008057985979640e+00,3.725715034577802287e-01,1.085963573789566539e+00,6.137743467516520113e+00,2.761470756656202674e+00,9.141236513531714181e-01,6.188892204313992673e-01,5.622076451695637855e-01,4.122884061599387251e-01,3.458108999519637017e+00,4.446163153137044688e+00,1.650306906227617443e+00,1.874786197241246344e-01,2.983484982299095645e+00,9.388331269690748382e-01
3.327434236693063152e-01,1.465125849138679115e+01,1.497418959391816173e+01,9.263268407807032645e+00,3.082763401643155099e+00,5.876467513236003359e-01,2.367975352995325800e+00,1.931982016014040848e+00,7.474910677298294281e+00,4.024232692685697721e+00,1.481615932136026048e+00,4.778543270468711412e+00,4.670923844524975665e-01,3.065821411792798989e-01,3.534008038370965110e+00,3.388663321007348905e+00,3.040049499001640232e+00,5.153599415564885655e-01,1.430724007325338887e+00,4.857063768267653320e-02
7.078866839068169714e-01,7.031664006680274248e+00,1.785792312118037728e+01,3.430230778586282447e+00,4.483845700662541844e+00,1.309385733802847618e+00,9.879351674659114790e-01,9.176421863786876632e-02,3.134290496401376025e+00,5.536556522757853926e+00,3.610905862146085887e+00,1.151076821862419886e+00,4.531522611715343291e-02,9.553090039291456392e-02,2.215027183975246672e+00,2.333159039771655507e+00,8.590578683204650456e-01,2.086763264932713080e-01,1.984084077308964026e-03,2.725940402958856312e-01
8.241438810408433513e-01,4.341000822934581116e+00,6.303442011560700386e+00,2.422213525658268640e+00,1.382341892031871078e+00,7.617583826394536128e-01,6.396505128699409681e+00,1.350656873522940282e+00,3.252401551767982291e+00,1.785620998429476192e+00,1.343230568426444282e+00,8.713362407154888745e-01,3.103337260637362149e-01,6.703168820202511924e-01,1.485068500140969361e+00,1.574144764300007715e+00,6.684471351277514461e-01,7.593397607686677153e-01,7.351150541849683917e-02,4.507851230107664531e-01
1.677299684507405964e+00,1.098038072806464349e+01,1.014254786426230304e+01,4.546058624904166123e+00,6.554196218461557422e+00,1.107954626197685810e+00,3.531527249117661360e-01,3.639445710968532754e+00,7.296326902872347198e+00,1.847784330605162006e+00,6.824660215763560522e-01,9.510602357497700554e-01,6.871887147107282878e-01,5.704428976995393752e-01,3.394874970043913809e+00,3.500369235091546738e+00,2.311933236800894687e+00,6.031920731583353401e-01,3.017861742494377442e+00,5.123160594824024416e-01
3.987231726931099729e-01,5.310740233842864200e+00,7.326053594983311434e+00,3.327944932862682670e+00,2.554563223526232996e+00,3.715868720182540663e+00,7.341176186925417735e-01,2.276990921664343137e+00,3.543378609042600047e+00,1.795476677860912806e+00,1.560151118023255234e+00,1.170788950107051862e+00,1.412981765963426395e-01,1.474080739847827282e-01,8.800138072723969751e-01,2.246959261301948896e+00,1.246861867011094027e+00,2.760442061747492848e-01,7.326118246560466840e-01,7.812598351112389761e-01
3.967452122514272261e-01,4.993434289040912688e+00,1.011850918167666791e+01,2.511379214695657947e+00,2.886131228478470589e+00,5.664339408236556128e-01,2.217198873631150147e-01,3.222550622944981402e+00,2.852940133906277875e+00,4.088873614178245575e+00,1.300483965537869935e+00,1.069588731107470547e+00,3.157950757159382338e+00,2.198570999636267898e-01,1.411935765285791788e+00,2.627797775887732001e+00,8.888858849734662115e-01,2.692302092481642650e-01,9.789290686637323047e-01,1.984688097162638776e-01
3.885365594589452076e+00,5.930588671443199011e+00,4.362632805069822872e+00,3.508859032527495092e+00,1.229118253299632979e+00,1.016930453101324794e+00,7.983496311521298683e-01,5.153103105487819136e+00,2.476508547161469398e+00,8.797254152126064985e-01,3.576042062782393005e-01,1.326993632268150813e+00,4.707433789014151770e+00,1.518745138007560336e-01,1.218338702230808535e+00,2.452722259297932084e+00,9.024950609523785250e-01,7.645341475025541067e-01,1.199220031736753844e+00,6.797001723858060451e-01
2.282230707645866552e+00,4.420160938947590878e+00,5.715612162167824195e+00,2.522528343983356791e+00,1.555558908529531381e+00,8.297106897811341586e-01,1.053325784662257680e+00,4.187517134984930500e+00,1.739011680727452269e+00,1.110511763597747059e+00,6.303594991157072114e-01,1.264975012524597875e-01,1.557876935021231812e+00,1.933055477024528124e-01,7.956201800611929498e-01,1.325659549385195035e+00,3.586192456330786205e-01,5.098651851384236600e-03,6.320110339243483200e-01,1.811648361961506332e-02
2.386716687366383649e+00,5.104124869776775597e+00,7.527072553457897719e+00,2.329132484347220533e+00,2.653128570130977693e+00,2.001528282065492270e+00,1.433996775952167457e+00,1.976903907510776826e+00,4.716389883570975883e+00,2.047347128215816880e+00,1.742742008083607352e+00,4.682251380978654787e-01,1.322438692839712049e+00,5.887344729120633779e-01,1.850153167655842701e+00,4.301578261867750719e+00,2.257264734356055236e+00,3.790787241304580668e-01,6.931936001911115364e-01,9.392607554959895300e-01
2.428778014956451958e+00,1.650722719684701190e+01,1.098165242388233054e+01,6.466207728200693339e+00,4.280986632633081435e+00,2.478790161252510504e+00,7.455459166457103493e-01,3.225258859698157288e+00,6.179231655730809791e+00,3.546859028258906310e+00,3.083633993060614031e+00,5.292967583478166288e-02,2.297104220286069420e+00,4.095841798534855527e-01,3.874455083071335348e+00,8.306081646773709082e+00,2.030172224139808357e+00,1.044401851240381207e+00,2.754897760657740946e+00,1.189314151877773007e+00
5.488636108619126652e+00,4.431451660612786725e+00,1.468217542618030969e+01,2.077986766545809161e+00,4.652670431922277139e+00,7.131095255433518298e-01,8.500360851357414704e-01,1.293841058528134802e+00,2.144717619058784663e+00,5.900733374399798947e+00,3.671282008095773541e+00,4.351474722730908073e-01,6.817848041667050607e-01,8.763606977540326914e-01,1.494585085930187685e+00,2.331783798156491283e+00,5.851114425211373371e-01,1.385622932114244366e+00,6.833845855593271290e-01,3.191929380517983805e-01
1.653854592351233999e+00,8.581011840767763132e+00,1.037335282420067095e+01,3.439303369854003201e+00,1.731770452017946660e+00,5.592344008110338160e-01,4.677632397560409216e-02,1.634748995122024429e+00,3.753699788697881790e+00,2.367090127163796520e+00,1.174595983728735860e+00,1.576237351819406607e+00,4.888889046247018588e-01,1.172428455066294006e+00,1.526842772467961407e+00,2.079851436731441350e+00,1.710833492701862246e+00,7.276777694658880247e-01,1.969792313090934412e-03,1.369985481120027451e-02
2.326154700858176660e+00,6.387529544627088107e+00,2.092324823888090890e+01,2.753225391214102480e+00,7.550674159202550584e+00,1.926489882118731067e+00,1.003627328574230981e+00,2.523262831791914351e+00,6.923281252686285470e+00,7.352252912377664984e+00,4.423391761377841291e+00,4.001909306938571803e-02,8.745652606188489622e-03,1.697649933294729019e+00,1.558806563590477978e+00,6.520439118928790023e+00,2.552566061329894609e+00,4.935832512315658019e-03,5.241409761964046510e-01,1.494938237119145308e+00
1.537338999629921599e+00,2.073441537648165678e+01,1.016706546611528772e+01,7.584993242834864091e+00,4.450967096557087110e+00,1.134492512709025513e+00,1.110685169523115023e+00,1.863890920496307668e+00,9.830587576943962347e+00,2.645347882925221494e+00,2.625920337158810014e+00,2.958078772058362338e-01,9.697971525773648738e-01,6.662735238532861981e-01,5.864493932372677243e+00,4.561008314313252932e+00,1.293361107043951019e+00,8.276860489956877620e-01,4.903067147398123993e+00,1.286326553086898083e-01
2.174195281929375057e+00,1.042162423390781179e+01,7.591139394166031451e+00,3.228914506310569976e+00,1.284964811758037673e+00,3.065164250349404984e+00,8.164699440441595957e-02,2.343490106600986778e+00,7.087156434258392146e+00,3.518190006485580668e+00,1.079254974782957177e+00,3.912618833684188002e-02,2.020156762630121450e-01,4.543143475189841962e-01,2.489193493370407850e+00,6.612957986540007660e+00,3.920711950787351796e+00,1.102636065846492430e+00,2.405341421295146720e+00,2.668340398430962157e+00
6.169266320552123872e+00,6.568185106252842687e+00,9.722661965299144171e+00,3.786113523601920328e+00,3.552419314208573375e+00,1.646153058441925054e+00,8.124497950411418978e-02,3.817493087030553678e+00,7.158122130825861795e+00,1.859476118523357258e+00,1.569668748512455192e+00,8.409695091687485746e-01,1.669894125225636294e+00,6.686719909699523345e-01,2.261045762813924220e+00,4.578537698690160695e+00,3.815613793079235982e+00,1.397469963736062581e+00,4.627084460651322284e-01,6.483022941498990388e-01
2.061612128404981981e+00,2.366536198205016817e+00,6.305676553822486596e+00,6.421793082449456236e-01,1.320479522360284097e+00,4.662159443612964083e+00,1.101929838561348518e+00,5.244931177574253311e+00,5.523224634327002391e+00,2.800259312782805488e+00,1.145460470174823220e+00,5.254894153945149221e-02,2.113598660923699413e+00,1.130353633542719338e+00,5.833223274232777200e-01,9.268220215330067902e+00,4.535557554810974779e+00,2.394021010255357185e-01,2.333486799627824404e-01,4.519360229013059893e+00
1.450818324067759457e+00,5.839385805696327481e+00,9.655718981099941089e+00,3.658136335698034092e+00,3.254910837976345839e+00,3.559660795677600298e+00,5.111790835404315114e-01,1.242491719220282675e+00,3.698919819625435146e+00,2.261038024508846167e+00,2.048369766301406436e+00,1.224763940267381335e+00,5.207225186841558662e-01,1.299775258288992319e+00,1.835285400952998414e+00,3.420970421735688660e+00,1.366750080383374533e+00,8.353392783505035890e-01,1.999971869708993821e-01,7.513568525755331962e-01
1.667343310511513632e+00,8.413858034871253722e+00,6.954910934873157480e+00,4.335374302042070305e+00,3.952959200968247266e+00,2.510952718785008475e+00,6.024900012985362485e-01,9.614949943361332796e-01,4.014054172008022725e+00,1.396005818786322461e+00,1.182068362679812079e+00,3.278943605696865715e-01,7.694875614286695864e-01,8.581903249569993175e-01,2.152295443754141502e+00,4.783576346652719025e+00,1.824658094119521401e+00,4.006079918708532195e-01,3.590761348638922823e-01,1.666951225817289606e+00
6.266121016555266099e-01,6.315902084246480364e+00,1.049863684655159446e+01,2.812325624509671940e+00,3.093484762907700247e+00,2.286429469767828682e+00,4.399055992147500871e-01,1.695368604219388065e+00,6.487664298611530711e+00,3.773933325864708088e+00,1.937207064850507088e+00,1.276828658498375124e-01,4.987552469171007141e-01,5.050160815249452595e-01,1.919185110615051260e+00,8.021918988120402716e+00,3.435924392193124621e+00,8.040894039736387056e-01,2.111265823526906060e-01,1.164893769810362301e+00
1.947063542270884851e-01,7.841741646461329651e+00,3.953814914841698780e+00,4.330639608188513456e+00,9.760684402328388964e-01,2.087417664133570661e+00,1.251562125669994918e+00,6.153864639961261318e+00,8.086058197311800200e+00,4.104787653274719061e-01,3.398460581509312739e-01,2.106899401574939379e+00,4.755358008112994028e+00,1.429284335588699717e-01,1.486141162759956336e+00,5.133907421184643383e+00,2.897601813895879452e+00,1.042019423129843636e+00,1.362954476009205607e+00,1.710070641075444264e+00
2.327318816717157679e-01,1.236352762851078424e+01,9.332213760301428351e+00,7.580805658814000481e+00,2.480047124286293148e+00,4.499709692402575456e+00,6.616859057031537587e-03,2.652244558202389246e+00,7.964642614333916626e+00,2.464074516730640596e+00,1.201427108411111888e+00,1.911128131469410629e+00,2.417386738531964951e+00,1.218241747803568559e-01,3.602934596814840962e+00,6.746523678080742492e+00,3.379885460652009233e+00,4.860873204562955685e+00,3.898470738919236900e-01,2.560091451418291530e+00
1.906366845868120663e+00,1.147047384591934893e+01,1.406195864417360397e+01,6.947329068009764796e+00,3.422807798452345729e+00,1.097039541474685409e+00,2.211002760015972901e-01,2.225914852916209163e+00,5.493062635380320913e+00,3.935466899692207310e+00,3.203776325107289935e+00,2.236250375038100646e+00,2.184405611306187378e+00,4.493155446230347461e-01,3.712953398622102608e+00,1.809051229935371374e+00,1.154379385749388032e+00,2.710348980274021269e+00,3.345910256624532453e-01,2.923081063462607543e-01
1.917497984172366721e+00,6.509956932055344758e+00,4.997696758590140398e+00,4.204375456678852707e+00,2.841256325930757498e+00,2.483568770235029533e+00,2.247619969286320310e-02,2.862463689839263914e+00,1.734530895357301761e+00,1.354735431142281232e+00,7.195912677509261890e-01,2.965437509028401655e-02,1.462363006071558447e+00,6.861873018258633772e-02,1.264195255544234175e+00,2.925520798852434101e+00,3.290561022050702000e-01,1.332447740497749944e+00,5.237619593742538493e-01,2.029526400077112658e-02
4.411354048927598748e-01,4.852610938228823834e+00,1.194755244961733709e+01,3.564589933753442352e+00,3.257129953963799451e+00,2.436795701322783447e+00,1.539818692742389361e+00,4.513409062108260095e+00,2.187149285266096310e+00,3.961765951478468217e+00,2.985621525513266317e+00,1.665186962909717350e+00,3.587184772594670168e+00,3.831035343030371743e-01,7.662340289895606116e-01,2.626492095034038687e+00,1.354116415336431789e+00,1.631357293345276238e+00,6.233206303038725526e-02,6.423116595345971236e-01
1.219997169158018258e+00,2.672402343724458618e+00,8.700150389346555713e+00,1.478315315719508360e+00,2.403348073839493004e+00,1.044954615094589201e+00,5.027714505340909884e-02,1.391559786069742399e+00,3.416057623235631446e+00,2.516803776899587675e+00,1.492796020452613392e+00,2.644117418472675674e-01,1.301447767157499547e+00,8.004306881577197830e-01,1.114432140769800794e+00,2.410460358311562690e+00,1.035221595516055748e+00,3.773040632704075525e-01,1.226950472597140331e-02,9.809937754547596311e-01
6.246791992168807539e-01,9.011204057830081382e+00,8.302504384101386137e+00,4.588987333466173268e+00,4.552320741475232246e+00,3.828554452749627912e-01,1.906653893283138057e+00,1.828040475886272720e+00,4.107255789982354521e+00,1.392857645218060547e+00,7.986684220529287614e-01,6.693140785164370943e-01,5.194837574483587295e-01,5.938222253042416687e-01,3.407565105307699405e+00,2.690536153012561105e+00,6.595132819120177459e-01,4.446867133373309522e-01,6.422295302482667889e-01,3.725849535421149050e-01
9.030635919463098071e-01,1.163835887441411643e+01,2.323631682125920150e+01,5.552259753089971106e+00,4.025380346504998208e+00,1.304044997699170816e+00,7.238459994909773876e-02,2.001481122589266359e+00,4.055904779356203527e+00,8.259919389983780391e+00,3.920531332908482547e+00,2.173939705023735680e+00,6.572298469884544359e-01,4.070071299746583215e-02,2.350545488442603137e+00,2.310176933294223467e+00,1.153640637555338300e+00,7.140866873701148254e-01,6.958890911270697588e-01,8.662417551362006085e-02
6.780422250173765431e-01,3.274810564767286714e+00,1.268771279182843337e+01,2.523511824476570631e+00,4.527809492869326213e+00,2.300321563665822300e+00,1.002296002051782819e+00,9.359616295952077891e-01,3.478309311921336189e+00,3.287053988670901816e+00,2.534181145780236122e+00,6.394453880438294435e-01,7.679251862882982005e-01,1.675600972601764549e-01,1.824992791431838679e-01,3.034139329336843716e+00,2.393432241536535443e+00,6.590677790573262751e-01,1.630895497851896081e-01,3.303357459811513686e-02
1.247416207677807920e+00,1.602994707221947834e+01,1.174241633854374278e+01,8.104576243023441151e+00,3.851517451002088421e+00,2.468851430838105987e+00,1.520303042561693685e+00,1.348383280157435360e+00,7.088424294316697960e+00,2.611940306157719327e+00,2.561017089915157641e+00,1.821304832354999403e+00,1.023917710386883645e-01,1.052449102495614852e+00,4.942407309308442187e+00,2.276181622675469640e+00,1.217888901431904314e+00,5.587960023728493208e-01,1.602662664642491519e+00,3.533167672609610066e-01
9.176108690731554773e-01,1.202394596038883989e+01,4.797835903692305060e+00,4.499536903747257455e+00,5.473219119043812864e-01,2.725837435704490996e+00,9.587407630894152488e-01,1.257912360923653328e+00,8.589134197749725530e+00,2.116471657040464471e+00,3.651919074088601502e-01,4.755697722271350764e-02,5.290085228214530533e-01,2.929784137522801757e-01,3.767409201154006571e+00,5.984552268381420959e+00,3.414594912670726679e+00,3.299387258952934388e-01,3.717955422419349176e+00,2.000453766199450367e+00
8.207586158656354769e-01,6.912207251422932686e+00,4.843153658045795673e+00,2.611898195483224328e+00,1.468465287372922257e+00,3.233330226839963739e+00,4.248453009453584950e-01,1.743395055194178811e+00,2.122058496086008272e+00,1.867177298904372673e+00,5.204941949326800099e-01,5.438899775120005220e-01,3.015144002710483037e-02,3.100714248041053778e-01,7.082663254232265393e-01,2.721138072665122642e+00,1.365102734338474955e+00,1.195127156319517381e+00,4.911432472303766672e-01,1.109965551682623008e+00
2.412517897526668675e-01,6.225837334011305124e+00,9.046201444403431324e+00,4.040209961199845878e+00,2.325926046513741241e+00,8.130620965607114670e+00,4.553080524409865992e-01,9.557875843846528330e-01,2.181569386660342946e+00,3.433409507361099511e+00,1.010637012499465914e+00,5.198364940572357540e-01,7.370859189544393120e-02,1.307355817038775569e-01,9.101793219526976841e-01,4.702064758468195826e+00,7.992652879609027927e-01,4.620074840018576490e-01,3.967181283144709525e-01,4.210527907335575581e-01
3.942306493344453600e+00,9.560558394031065887e+00,1.874984510384343395e+01,3.917318512868332991e+00,6.531559969709002544e+00,3.026097949574587442e+00,1.011077732454719429e-02,2.115127322798482368e+00,7.526950529984072880e+00,5.068733749689997126e+00,4.224566619951763080e+00,3.735903575154720935e-01,1.059132196346455945e+00,3.811777797313896876e+00,3.035636389840756344e+00,4.818728493063613172e+00,2.528374116670889293e+00,1.397474471409364982e+00,1.961051355812637453e+00,2.205678662025325920e+00
3.074477646835097611e-01,6.865647086179434311e+00,5.718702687920409033e+00,4.903253214180070430e+00,1.483482529012454476e+00,4.639215438304812866e-01,2.253434613265468123e+00,6.429115818405078953e-01,2.878890342517625989e+00,1.779637340614632413e+00,9.516860307687442511e-01,3.043689515581832206e-01,4.334264339223927176e-01,2.216017705969215712e-01,9.050590492166548096e-01,4.699896843463334251e-01,3.424949740519261931e-01,8.772855333132625333e-01,5.767765161764039084e-01,1.128934643138198579e-01
2.132280101135737294e+00,9.351524145207166683e+00,1.149816507339888894e+01,4.064328552458623456e+00,3.611079129133821120e+00,7.485177723917335602e-01,1.522954462656711305e+00,4.116222807015040175e+00,3.849051127181213339e+00,3.756506403384451076e+00,3.504957494191861755e+00,6.133990001078262200e-01,2.141348663571619682e+00,1.803402506742790790e+00,2.724324355489571303e+00,1.361579362114105463e+00,6.018731916768187418e-01,1.053631939579024457e-01,1.377792650016989695e+00,4.617618919058346094e-01
1.887244127685673512e+00,4.002116922117734177e+00,7.023497468268006472e+00,2.332992541491037297e+00,3.460694585933100420e+00,2.006274219597204755e+00,1.526940380922122253e+00,3.415501113325226656e-01,2.155685611686509073e+00,1.259657146609088674e+00,1.176356600245259010e+00,4.558484803611421166e-01,2.224297080482351974e-01,6.412684581633943948e-01,4.142573865172357594e-01,3.340162506041702173e+00,1.351311247168919039e+00,2.114187778370815174e+00,2.906760518239930868e-01,1.110326694329433872e+00
2.285407224754045341e+00,1.787321081117585564e+01,7.157918075386261236e+00,8.564788868368379937e+00,2.326218097946201713e+00,2.509928650782551784e+00,1.999766519499247996e+00,3.375128157579624144e+00,1.139076127555559736e+01,1.899809098291408205e+00,1.852074393474973935e+00,5.134528897207653042e-01,1.100915542620879428e+00,1.508802175355211661e+00,6.748595095959663226e+00,6.668349471240468063e+00,3.391666613179135759e+00,1.058239082379554441e+00,1.603505231318609336e+00,1.835605250174335401e+00
4.533207145597699661e-01,1.091394514832627927e+01,3.021668510827844045e+00,4.875288008312663735e+00,3.628440118715655083e-01,2.704202574942582871e+00,7.056508284573670409e-01,9.120826329047837522e-01,1.056910212886663558e+01,6.275834693293218525e-01,2.880976029667388638e-01,2.014185281983499887e-01,2.604407543406013215e-01,1.326697896071566685e-01,2.822633649593489835e+00,8.190039273571509071e+00,5.306767221219658381e+00,4.729360455118319928e-02,1.254316574628953296e+00,2.597270488097947805e+00
4.924746141074280992e-01,6.110102663810888401e+00,6.472090686479498700e+00,3.102526037237936407e+00,5.873142830554459737e-01,1.671670825912534131e+00,6.576663135795626780e-02,1.295818293769646079e+00,8.122179582834391454e+00,2.347034163419066566e+00,4.675959512354209702e-01,1.065694698731130208e+00,2.342779413557743995e-01,3.972271732293558011e-01,1.660688104119707909e+00,3.658716098070727174e+00,1.377439423453389544e+00,3.866308957492327059e-01,7.777570846814730876e-01,1.252220530263834730e+00
5.326263030112690089e+00,1.393609419345171396e+01,1.747363171656872183e+01,6.770175117016042243e+00,4.996423600442098767e+00,1.630414159335756619e+00,2.571107186199480754e+00,2.265625658024723599e+00,6.517542602347650593e+00,5.676066918585199517e+00,4.284735329419454786e+00,2.251777568008996866e+00,5.493985996603980571e-01,2.713583864403934953e+00,4.473811660911716892e+00,4.426993229760861404e+00,1.867447651396151542e+00,2.747618994563889583e+00,5.101142613710265561e-01,1.330656466061447496e+00
